,names,value
0,02 L'Air du Desert Marocain Tauer Perfumes,aromatic
1,02 L'Air du Desert Marocain Tauer Perfumes,amber
2,02 L'Air du Desert Marocain Tauer Perfumes,woody
3,4711 Original Eau de Cologne 4711,citrus
4,4711 Original Eau de Cologne 4711,aromatic
5,4711 Original Eau de Cologne 4711,fresh spicy
6,Absolute Aphrodisiac Initio Parfums Prives,leather
7,Absolute Aphrodisiac Initio Parfums Prives,amber
8,Absolute Aphrodisiac Initio Parfums Prives,vanilla
9,Acqua di Parma Blu Mediterraneo - Fico di Amalfi Acqua di Parma,fruity
10,Acqua di Parma Blu Mediterraneo - Fico di Amalfi Acqua di Parma,citrus
11,Acqua di Parma Blu Mediterraneo - Fico di Amalfi Acqua di Parma,woody
12,Acqua di Parma Blu Mediterraneo - Mandorlo di Sicilia Acqua di Parma,almond
13,Acqua di Parma Blu Mediterraneo - Mandorlo di Sicilia Acqua di Parma,sweet
14,Acqua di Parma Blu Mediterraneo - Mandorlo di Sicilia Acqua di Parma,vanilla
15,Acqua di Parma Colonia Acqua di Parma,citrus
16,Acqua di Parma Colonia Acqua di Parma,aromatic
17,Acqua di Parma Colonia Acqua di Parma,fresh spicy
18,African Leather Memo Paris,warm spicy
19,African Leather Memo Paris,fresh spicy
20,African Leather Memo Paris,aromatic
21,Alexandria II Xerjoff,woody
22,Alexandria II Xerjoff,amber
23,Alexandria II Xerjoff,powdery
24,Amber Oud Gold Edition Al Haramain Perfumes,sweet
25,Amber Oud Gold Edition Al Haramain Perfumes,ozonic
26,Amber Oud Gold Edition Al Haramain Perfumes,fruity
27,Amber Oud Rouge Al Haramain Perfumes,musky
28,Amber Oud Rouge Al Haramain Perfumes,warm spicy
29,Amber Oud Rouge Al Haramain Perfumes,amber
30,Amber Oud Tobacco Edition Al Haramain Perfumes,sweet
31,Amber Oud Tobacco Edition Al Haramain Perfumes,warm spicy
32,Amber Oud Tobacco Edition Al Haramain Perfumes,vanilla
33,Ambre Nuit Dior,citrus
34,Ambre Nuit Dior,rose
35,Ambre Nuit Dior,amber
36,Ambre Sultan Serge Lutens,aromatic
37,Ambre Sultan Serge Lutens,amber
38,Ambre Sultan Serge Lutens,fresh spicy
39,Angels' Share By Kilian,woody
40,Angels' Share By Kilian,warm spicy
41,Angels' Share By Kilian,sweet
42,Angélique Noire Guerlain,vanilla
43,Angélique Noire Guerlain,musky
44,Angélique Noire Guerlain,powdery
45,Ani Nishane,woody
46,Ani Nishane,vanilla
47,Ani Nishane,warm spicy
48,Another 13 Le Labo,woody
49,Another 13 Le Labo,musky
50,Another 13 Le Labo,amber
51,Aoud Lemon Mint Mancera,citrus
52,Aoud Lemon Mint Mancera,almond
53,Aoud Lemon Mint Mancera,oud
54,Aqua Allegoria Coconut Fizz Guerlain,sweet
55,Aqua Allegoria Coconut Fizz Guerlain,vanilla
56,Aqua Allegoria Coconut Fizz Guerlain,coconut
57,Aqua Allegoria Herba Fresca Guerlain,aromatic
58,Aqua Allegoria Herba Fresca Guerlain,green
59,Aqua Allegoria Herba Fresca Guerlain,citrus
60,Arabians Tonka Montale,amber
61,Arabians Tonka Montale,sweet
62,Arabians Tonka Montale,vanilla
63,Armani Prive Rouge Malachite Giorgio Armani,tuberose
64,Armani Prive Rouge Malachite Giorgio Armani,white floral
65,Armani Prive Rouge Malachite Giorgio Armani,amber
66,Atomic Rose Initio Parfums Prives,vanilla
67,Atomic Rose Initio Parfums Prives,floral
68,Atomic Rose Initio Parfums Prives,rose
69,Autumn Vibes Maison Martin Margiela,fresh spicy
70,Autumn Vibes Maison Martin Margiela,powdery
71,Autumn Vibes Maison Martin Margiela,woody
72,Baccarat Rouge 540 Extrait de Parfum Maison Francis Kurkdjian,amber
73,Baccarat Rouge 540 Extrait de Parfum Maison Francis Kurkdjian,almond
74,Baccarat Rouge 540 Extrait de Parfum Maison Francis Kurkdjian,woody
75,Baccarat Rouge 540 Maison Francis Kurkdjian,warm spicy
76,Baccarat Rouge 540 Maison Francis Kurkdjian,amber
77,Baccarat Rouge 540 Maison Francis Kurkdjian,woody
78,Back to Black By Kilian,sweet
79,Back to Black By Kilian,tobacco
80,Back to Black By Kilian,honey
81,Bade'e Al Oud Oud for Glory Lattafa Perfumes,fresh spicy
82,Bade'e Al Oud Oud for Glory Lattafa Perfumes,warm spicy
83,Bade'e Al Oud Oud for Glory Lattafa Perfumes,oud
84,Bal d'Afrique Byredo,aromatic
85,Bal d'Afrique Byredo,citrus
86,Bal d'Afrique Byredo,woody
87,Baptême du Feu Serge Lutens,sweet
88,Baptême du Feu Serge Lutens,woody
89,Baptême du Feu Serge Lutens,citrus
90,Baraonda Nasomatto,woody
91,Baraonda Nasomatto,musky
92,Baraonda Nasomatto,whiskey
93,Bee Zoologist Perfumes,beeswax
94,Bee Zoologist Perfumes,honey
95,Bee Zoologist Perfumes,vanilla
96,Bergamote 22 Le Labo,woody
97,Bergamote 22 Le Labo,citrus
98,Bergamote 22 Le Labo,aromatic
99,Bibliothèque Byredo,leather
100,Bibliothèque Byredo,powdery
101,Bibliothèque Byredo,fruity
102,Bitter Peach Tom Ford,amber
103,Bitter Peach Tom Ford,warm spicy
104,Bitter Peach Tom Ford,woody
105,Black Afgano Nasomatto,smoky
106,Black Afgano Nasomatto,amber
107,Black Afgano Nasomatto,oud
108,Black Bvlgari,animalic
109,Black Bvlgari,vanilla
110,Black Bvlgari,leather
111,Black Orchid Parfum Tom Ford,woody
112,Black Orchid Parfum Tom Ford,earthy
113,Black Orchid Parfum Tom Ford,sweet
114,Black Phantom By Kilian,caramel
115,Black Phantom By Kilian,warm spicy
116,Black Phantom By Kilian,sweet
117,Black Saffron Byredo,fruity
118,Black Saffron Byredo,woody
119,Black Saffron Byredo,leather
120,Bubble Bath Maison Martin Margiela,soapy
121,Bubble Bath Maison Martin Margiela,coconut
122,Bubble Bath Maison Martin Margiela,musky
123,By the Fireplace Maison Martin Margiela,vanilla
124,By the Fireplace Maison Martin Margiela,balsamic
125,By the Fireplace Maison Martin Margiela,woody
126,CK One Calvin Klein,woody
127,CK One Calvin Klein,green
128,CK One Calvin Klein,citrus
129,CK be Calvin Klein,aromatic
130,CK be Calvin Klein,green
131,CK be Calvin Klein,woody
132,Carnal Flower Frederic Malle,tuberose
133,Carnal Flower Frederic Malle,white floral
134,Carnal Flower Frederic Malle,woody
135,Casablanca Swiss Arabian,caramel
136,Casablanca Swiss Arabian,woody
137,Casablanca Swiss Arabian,fruity
138,Cedrat Boise Mancera,woody
139,Cedrat Boise Mancera,citrus
140,Cedrat Boise Mancera,fruity
141,Chergui Serge Lutens,tobacco
142,Chergui Serge Lutens,amber
143,Chergui Serge Lutens,sweet
144,Choco Musk Al-Rehab,warm spicy
145,Choco Musk Al-Rehab,vanilla
146,Choco Musk Al-Rehab,chocolate
147,Chocolate Greedy Montale,vanilla
148,Chocolate Greedy Montale,warm spicy
149,Chocolate Greedy Montale,cacao
150,Club De Nuit Sillage Armaf,musky
151,Club De Nuit Sillage Armaf,citrus
152,Club De Nuit Sillage Armaf,woody
153,Clémentine California Atelier Cologne,citrus
154,Clémentine California Atelier Cologne,woody
155,Clémentine California Atelier Cologne,aromatic
156,Cocaïne Franck Boclet,sweet
157,Cocaïne Franck Boclet,tuberose
158,Cocaïne Franck Boclet,white floral
159,Coffee Break Maison Martin Margiela,coffee
160,Coffee Break Maison Martin Margiela,lavender
161,Coffee Break Maison Martin Margiela,lactonic
162,Comme des Garcons 2 Comme des Garcons,woody
163,Comme des Garcons 2 Comme des Garcons,amber
164,Comme des Garcons 2 Comme des Garcons,aromatic
165,Coromandel Eau de Parfum Chanel,amber
166,Coromandel Eau de Parfum Chanel,woody
167,Coromandel Eau de Parfum Chanel,warm spicy
168,Costa Azzurra Tom Ford,citrus
169,Costa Azzurra Tom Ford,woody
170,Costa Azzurra Tom Ford,aromatic
171,Cuir Beluga Guerlain,vanilla
172,Cuir Beluga Guerlain,powdery
173,Cuir Beluga Guerlain,leather
174,Datura Noir Serge Lutens,tuberose
175,Datura Noir Serge Lutens,vanilla
176,Datura Noir Serge Lutens,almond
177,Dear Polly Vilhelm Parfumerie,citrus
178,Dear Polly Vilhelm Parfumerie,green
179,Dear Polly Vilhelm Parfumerie,fresh
180,Dolce Amalfi Xerjoff,amber
181,Dolce Amalfi Xerjoff,warm spicy
182,Dolce Amalfi Xerjoff,sweet
183,Eau Duelle Diptyque,aromatic
184,Eau Duelle Diptyque,vanilla
185,Eau Duelle Diptyque,fresh spicy
186,Eau de Soleil Blanc Tom Ford,coconut
187,Eau de Soleil Blanc Tom Ford,citrus
188,Eau de Soleil Blanc Tom Ford,white floral
189,Ebony Wood Zara,soft spicy
190,Ebony Wood Zara,warm spicy
191,Ebony Wood Zara,woody
192,Escentric 01 Escentric Molecules,musky
193,Escentric 01 Escentric Molecules,woody
194,Escentric 01 Escentric Molecules,citrus
195,Escentric 02 Escentric Molecules,woody
196,Escentric 02 Escentric Molecules,amber
197,Escentric 02 Escentric Molecules,musky
198,Fan Your Flames Nishane,coconut
199,Fan Your Flames Nishane,tobacco
200,Fan Your Flames Nishane,sweet
201,Feminité du Bois Serge Lutens,fruity
202,Feminité du Bois Serge Lutens,warm spicy
203,Feminité du Bois Serge Lutens,woody
204,Fille en Aiguilles Serge Lutens,aromatic
205,Fille en Aiguilles Serge Lutens,conifer
206,Fille en Aiguilles Serge Lutens,woody
207,Five O'Clock Au Gingembre Serge Lutens,fresh spicy
208,Five O'Clock Au Gingembre Serge Lutens,woody
209,Five O'Clock Au Gingembre Serge Lutens,warm spicy
210,Fleur Narcotique Ex Nihilo,white floral
211,Fleur Narcotique Ex Nihilo,fresh
212,Fleur Narcotique Ex Nihilo,floral
213,Fleur de Peau Diptyque,powdery
214,Fleur de Peau Diptyque,iris
215,Fleur de Peau Diptyque,musky
216,Fucking Fabulous Tom Ford,vanilla
217,Fucking Fabulous Tom Ford,leather
218,Fucking Fabulous Tom Ford,aromatic
219,Fève Délicieuse (2018) Dior,vanilla
220,Fève Délicieuse (2018) Dior,amber
221,Fève Délicieuse (2018) Dior,sweet
222,Fève Délicieuse Dior,vanilla
223,Fève Délicieuse Dior,sweet
224,Fève Délicieuse Dior,amber
225,Ganymede Marc-Antoine Barrois,warm spicy
226,Ganymede Marc-Antoine Barrois,mineral
227,Ganymede Marc-Antoine Barrois,ozonic
228,Gentle Fluidity Gold Maison Francis Kurkdjian,vanilla
229,Gentle Fluidity Gold Maison Francis Kurkdjian,amber
230,Gentle Fluidity Gold Maison Francis Kurkdjian,powdery
231,Gentle Fluidity Silver Maison Francis Kurkdjian,fresh spicy
232,Gentle Fluidity Silver Maison Francis Kurkdjian,aromatic
233,Gentle Fluidity Silver Maison Francis Kurkdjian,woody
234,Grand Soir Maison Francis Kurkdjian,vanilla
235,Grand Soir Maison Francis Kurkdjian,
236,Grand Soir Maison Francis Kurkdjian,amber
237,Gris Charnel BDK Parfums,aromatic
238,Gris Charnel BDK Parfums,woody
239,Gris Charnel BDK Parfums,warm spicy
240,Gris Dior Dior,rose
241,Gris Dior Dior,earthy
242,Gris Dior Dior,woody
243,Gypsy Water Byredo,aromatic
244,Gypsy Water Byredo,woody
245,Gypsy Water Byredo,fresh spicy
246,Hacivat Nishane,citrus
247,Hacivat Nishane,mossy
248,Hacivat Nishane,woody
249,Halfeti Penhaligon's,warm spicy
250,Halfeti Penhaligon's,woody
251,Halfeti Penhaligon's,aromatic
252,Hermessence Ambre Narguile Hermès,warm spicy
253,Hermessence Ambre Narguile Hermès,sweet
254,Hermessence Ambre Narguile Hermès,vanilla
255,Hindu Kush Mancera,amber
256,Hindu Kush Mancera,warm spicy
257,Hindu Kush Mancera,woody
258,Holidays Mancera,sweet
259,Holidays Mancera,coconut
260,Holidays Mancera,vanilla
261,Honey Aoud Montale,warm spicy
262,Honey Aoud Montale,honey
263,Honey Aoud Montale,oud
264,Hundred Silent Ways Nishane,powdery
265,Hundred Silent Ways Nishane,white floral
266,Hundred Silent Ways Nishane,vanilla
267,I Don't Need A Prince By My Side To Be A Princess By Kilian,powdery
268,I Don't Need A Prince By My Side To Be A Princess By Kilian,sweet
269,I Don't Need A Prince By My Side To Be A Princess By Kilian,vanilla
270,Instant Crush Mancera,amber
271,Instant Crush Mancera,woody
272,Instant Crush Mancera,warm spicy
273,Intense Cafe Montale,rose
274,Intense Cafe Montale,coffee
275,Intense Cafe Montale,vanilla
276,Intense Tiare Montale,vanilla
277,Intense Tiare Montale,white floral
278,Intense Tiare Montale,sweet
279,Intoxicated By Kilian,fresh spicy
280,Intoxicated By Kilian,coffee
281,Intoxicated By Kilian,warm spicy
282,Italica (2021) Xerjoff,lactonic
283,Italica (2021) Xerjoff,sweet
284,Italica (2021) Xerjoff,almond
285,Italica Xerjoff,almond
286,Italica Xerjoff,lactonic
287,Italica Xerjoff,sweet
288,Jasmins Marzipane Lancome,white floral
289,Jasmins Marzipane Lancome,woody
290,Jasmins Marzipane Lancome,musky
291,Khaltat Night Attar Collection,cinnamon
292,Khaltat Night Attar Collection,warm spicy
293,Khaltat Night Attar Collection,cherry
294,Kirke Tiziana Terenzi,musky
295,Kirke Tiziana Terenzi,sweet
296,Kirke Tiziana Terenzi,fruity
297,L'Eau d'Hiver Frederic Malle,powdery
298,L'Eau d'Hiver Frederic Malle,musky
299,L'Eau d'Hiver Frederic Malle,iris
300,La Fille de Berlin Serge Lutens,rose
301,La Fille de Berlin Serge Lutens,fresh spicy
302,La Fille de Berlin Serge Lutens,floral
303,Laudano Nero Tiziana Terenzi,smoky
304,Laudano Nero Tiziana Terenzi,amber
305,Laudano Nero Tiziana Terenzi,woody
306,Layton Exclusif Parfums de Marly,oud
307,Layton Exclusif Parfums de Marly,powdery
308,Layton Exclusif Parfums de Marly,woody
309,Layton Parfums de Marly,warm spicy
310,Layton Parfums de Marly,vanilla
311,Layton Parfums de Marly,fresh spicy
312,Lazy Sunday Morning Maison Martin Margiela,rose
313,Lazy Sunday Morning Maison Martin Margiela,fresh
314,Lazy Sunday Morning Maison Martin Margiela,musky
315,Le Jardin de Monsieur Li Hermès,citrus
316,Le Jardin de Monsieur Li Hermès,aromatic
317,Le Jardin de Monsieur Li Hermès,white floral
318,Le Lion de Chanel Chanel,amber
319,Le Lion de Chanel Chanel,woody
320,Le Lion de Chanel Chanel,musky
321,Les Absolus d'Orient Santal Royal Guerlain,rose
322,Les Absolus d'Orient Santal Royal Guerlain,oud
323,Les Absolus d'Orient Santal Royal Guerlain,woody
324,Lost Cherry Tom Ford,sweet
325,Lost Cherry Tom Ford,almond
326,Lost Cherry Tom Ford,cherry
327,Lune Feline Atelier des Ors,amber
328,Lune Feline Atelier des Ors,warm spicy
329,Lune Feline Atelier des Ors,balsamic
330,L’Ambre des Merveilles Hermès,vanilla
331,L’Ambre des Merveilles Hermès,amber
332,L’Ambre des Merveilles Hermès,patchouli
333,Mandarino di Amalfi Tom Ford,aromatic
334,Mandarino di Amalfi Tom Ford,citrus
335,Mandarino di Amalfi Tom Ford,white floral
336,Mango Skin Vilhelm Parfumerie,floral
337,Mango Skin Vilhelm Parfumerie,fruity
338,Mango Skin Vilhelm Parfumerie,tropical
339,Marfa Memo Paris,white floral
340,Marfa Memo Paris,tuberose
341,Marfa Memo Paris,woody
342,Matcha Meditation Maison Martin Margiela,sweet
343,Matcha Meditation Maison Martin Margiela,white floral
344,Matcha Meditation Maison Martin Margiela,green
345,Memoirs Of A Trespasser Imaginary Authors,woody
346,Memoirs Of A Trespasser Imaginary Authors,vanilla
347,Memoirs Of A Trespasser Imaginary Authors,amber
348,Millésime Impérial Creed,salty
349,Millésime Impérial Creed,marine
350,Millésime Impérial Creed,citrus
351,Mimosa & Cardamom Jo Malone London,warm spicy
352,Mimosa & Cardamom Jo Malone London,powdery
353,Mimosa & Cardamom Jo Malone London,yellow floral
354,Mixed Emotions Byredo,woody
355,Mixed Emotions Byredo,green
356,Mixed Emotions Byredo,fruity
357,Mmmm... Juliette Has A Gun,powdery
358,Mmmm... Juliette Has A Gun,vanilla
359,Mmmm... Juliette Has A Gun,sweet
360,Mojave Ghost Byredo,powdery
361,Mojave Ghost Byredo,woody
362,Mojave Ghost Byredo,floral
363,Molecule 01 Escentric Molecules,woody
364,Molecule 01 Escentric Molecules,amber
365,Molecule 01 Escentric Molecules,musky
366,Molecule 02 Escentric Molecules,amber
367,Molecule 02 Escentric Molecules,
368,Molecule 02 Escentric Molecules,musky
369,Moonlight in Heaven By Kilian,sweet
370,Moonlight in Heaven By Kilian,tropical
371,Moonlight in Heaven By Kilian,citrus
372,Mugler Cologne Mugler,citrus
373,Mugler Cologne Mugler,fresh spicy
374,Mugler Cologne Mugler,white floral
375,Musc Ravageur Frederic Malle,warm spicy
376,Musc Ravageur Frederic Malle,vanilla
377,Musc Ravageur Frederic Malle,powdery
378,Musk Therapy Initio Parfums Prives,floral
379,Musk Therapy Initio Parfums Prives,musky
380,Musk Therapy Initio Parfums Prives,citrus
381,Myrrh & Tonka Jo Malone London,amber
382,Myrrh & Tonka Jo Malone London,sweet
383,Myrrh & Tonka Jo Malone London,vanilla
384,Mémoire d’une Odeur Gucci,herbal
385,Mémoire d’une Odeur Gucci,woody
386,Mémoire d’une Odeur Gucci,musky
387,Nectarine Blossom & Honey Jo Malone London,sweet
388,Nectarine Blossom & Honey Jo Malone London,green
389,Nectarine Blossom & Honey Jo Malone London,fruity
390,Neroli Portofino Tom Ford,white floral
391,Neroli Portofino Tom Ford,citrus
392,Neroli Portofino Tom Ford,fresh spicy
393,Noir de Noir Tom Ford,earthy
394,Noir de Noir Tom Ford,patchouli
395,Noir de Noir Tom Ford,rose
396,Oajan Parfums de Marly,amber
397,Oajan Parfums de Marly,warm spicy
398,Oajan Parfums de Marly,vanilla
399,Ombré Leather (2018) Tom Ford,animalic
400,Ombré Leather (2018) Tom Ford,white floral
401,Ombré Leather (2018) Tom Ford,leather
402,Orange Sanguine Atelier Cologne,fresh spicy
403,Orange Sanguine Atelier Cologne,citrus
404,Orange Sanguine Atelier Cologne,
405,Orphéon Diptyque,woody
406,Orphéon Diptyque,aromatic
407,Orphéon Diptyque,powdery
408,Oud Bouquet Eau de Parfum Lancome,vanilla
409,Oud Bouquet Eau de Parfum Lancome,oud
410,Oud Bouquet Eau de Parfum Lancome,sweet
411,Oud Satin Mood Extrait de parfum Maison Francis Kurkdjian,rose
412,Oud Satin Mood Extrait de parfum Maison Francis Kurkdjian,oud
413,Oud Satin Mood Extrait de parfum Maison Francis Kurkdjian,powdery
414,Oud Satin Mood Maison Francis Kurkdjian,oud
415,Oud Satin Mood Maison Francis Kurkdjian,rose
416,Oud Satin Mood Maison Francis Kurkdjian,vanilla
417,Oud Wood Tom Ford,oud
418,Oud Wood Tom Ford,woody
419,Oud Wood Tom Ford,warm spicy
420,Oud for Greatness Initio Parfums Prives,oud
421,Oud for Greatness Initio Parfums Prives,fresh spicy
422,Oud for Greatness Initio Parfums Prives,warm spicy
423,PINK MOLéCULE 090.09 Zarkoperfume,Champagne
424,PINK MOLéCULE 090.09 Zarkoperfume,floral
425,PINK MOLéCULE 090.09 Zarkoperfume,sweet
426,Pear Inc Juliette Has A Gun,musky
427,Pear Inc Juliette Has A Gun,fruity
428,Pear Inc Juliette Has A Gun,amber
429,Percival Parfums de Marly,woody
430,Percival Parfums de Marly,amber
431,Percival Parfums de Marly,aromatic
432,Philosykos Diptyque,woody
433,Philosykos Diptyque,sweet
434,Philosykos Diptyque,green
435,Philosykos Eau de Parfum Diptyque,woody
436,Philosykos Eau de Parfum Diptyque,green
437,Philosykos Eau de Parfum Diptyque,fresh
438,Poets of Berlin Vilhelm Parfumerie,woody
439,Poets of Berlin Vilhelm Parfumerie,fruity
440,Poets of Berlin Vilhelm Parfumerie,vanilla
441,Promise Frederic Malle,woody
442,Promise Frederic Malle,rose
443,Promise Frederic Malle,earthy
444,Psychedelic Love Initio Parfums Prives,woody
445,Psychedelic Love Initio Parfums Prives,powdery
446,Psychedelic Love Initio Parfums Prives,floral
447,Pulp Byredo,woody
448,Pulp Byredo,fruity
449,Pulp Byredo,sweet
450,Raghba Lattafa Perfumes,oud
451,Raghba Lattafa Perfumes,sweet
452,Raghba Lattafa Perfumes,vanilla
453,Red Tobacco Mancera,woody
454,Red Tobacco Mancera,warm spicy
455,Red Tobacco Mancera,tobacco
456,Rehab Initio Parfums Prives,woody
457,Rehab Initio Parfums Prives,aromatic
458,Rehab Initio Parfums Prives,lavender
459,Ristretto Intense Café Montale,vanilla
460,Ristretto Intense Café Montale,coffee
461,Ristretto Intense Café Montale,rose
462,Rose 31 Le Labo,fresh spicy
463,Rose 31 Le Labo,rose
464,Rose 31 Le Labo,woody
465,Rose Of No Man's Land Byredo,rose
466,Rose Of No Man's Land Byredo,floral
467,Rose Of No Man's Land Byredo,soft spicy
468,Rose Prick Tom Ford,rose
469,Rose Prick Tom Ford,warm spicy
470,Rose Prick Tom Ford,patchouli
471,Rouge Smoking BDK Parfums,vanilla
472,Rouge Smoking BDK Parfums,powdery
473,Rouge Smoking BDK Parfums,sweet
474,Royal Oud Creed,woody
475,Royal Oud Creed,powdery
476,Royal Oud Creed,musky
477,Santal 33 Le Labo,powdery
478,Santal 33 Le Labo,leather
479,Santal 33 Le Labo,woody
480,Santal Majuscule Serge Lutens,rose
481,Santal Majuscule Serge Lutens,warm spicy
482,Santal Majuscule Serge Lutens,woody
483,Sedley Parfums de Marly,aromatic
484,Sedley Parfums de Marly,citrus
485,Sedley Parfums de Marly,fresh spicy
486,Sensual Instinct Montale,amber
487,Sensual Instinct Montale,mossy
488,Sensual Instinct Montale,sweet
489,Shaghaf Oud Swiss Arabian,sweet
490,Shaghaf Oud Swiss Arabian,vanilla
491,Shaghaf Oud Swiss Arabian,oud
492,Sicily Mancera,sweet
493,Sicily Mancera,citrus
494,Sicily Mancera,fruity
495,Side Effect Initio Parfums Prives,vanilla
496,Side Effect Initio Parfums Prives,rum
497,Side Effect Initio Parfums Prives,tobacco
498,Silver Mountain Water Creed,fruity
499,Silver Mountain Water Creed,citrus
500,Silver Mountain Water Creed,green
501,Sintra Memo Paris,citrus
502,Sintra Memo Paris,white floral
503,Sintra Memo Paris,sweet
504,Soleil Blanc Tom Ford,coconut
505,Soleil Blanc Tom Ford,sweet
506,Soleil Blanc Tom Ford,white floral
507,Soleil Brûlant Tom Ford,citrus
508,Soleil Brûlant Tom Ford,woody
509,Soleil Brûlant Tom Ford,amber
510,Soleil Neige Tom Ford,white floral
511,Soleil Neige Tom Ford,amber
512,Soleil Neige Tom Ford,citrus
513,Stash SJP Sarah Jessica Parker,aromatic
514,Stash SJP Sarah Jessica Parker,woody
515,Stash SJP Sarah Jessica Parker,fresh spicy
516,Tam Dao Diptyque,aromatic
517,Tam Dao Diptyque,powdery
518,Tam Dao Diptyque,woody
519,The Noir 29 Le Labo,woody
520,The Noir 29 Le Labo,sweet
521,The Noir 29 Le Labo,fresh spicy
522,Timbuktu L'Artisan Parfumeur,amber
523,Timbuktu L'Artisan Parfumeur,woody
524,Timbuktu L'Artisan Parfumeur,warm spicy
525,Tobacco Oud Tom Ford,tobacco
526,Tobacco Oud Tom Ford,woody
527,Tobacco Oud Tom Ford,warm spicy
528,Tobacco Vanille Tom Ford,tobacco
529,Tobacco Vanille Tom Ford,vanilla
530,Tobacco Vanille Tom Ford,sweet
531,Tobacolor Dior,tobacco
532,Tobacolor Dior,sweet
533,Tobacolor Dior,honey
534,Tonka Imperiale Guerlain,sweet
535,Tonka Imperiale Guerlain,amber
536,Tonka Imperiale Guerlain,almond
537,Tuscan Leather Tom Ford,fruity
538,Tuscan Leather Tom Ford,leather
539,Tuscan Leather Tom Ford,animalic
540,Tuxedo Yves Saint Laurent,ozonic
541,Tuxedo Yves Saint Laurent,amber
542,Tuxedo Yves Saint Laurent,patchouli
543,Un Bois Vanille Serge Lutens,sweet
544,Un Bois Vanille Serge Lutens,woody
545,Un Bois Vanille Serge Lutens,vanilla
546,Un Jardin En Mediterranee Hermès,citrus
547,Un Jardin En Mediterranee Hermès,woody
548,Un Jardin En Mediterranee Hermès,aromatic
549,Un Jardin Sur La Lagune Hermès,marine
550,Un Jardin Sur La Lagune Hermès,white floral
551,Un Jardin Sur La Lagune Hermès,floral
552,Un Jardin Sur Le Nil Hermès,floral
553,Un Jardin Sur Le Nil Hermès,citrus
554,Un Jardin Sur Le Nil Hermès,aromatic
555,Un Jardin Sur Le Toit Hermès,fruity
556,Un Jardin Sur Le Toit Hermès,green
557,Un Jardin Sur Le Toit Hermès,fresh
558,Vanilla Diorama Dior,woody
559,Vanilla Diorama Dior,vanilla
560,Vanilla Diorama Dior,warm spicy
561,Vanille Fatale Tom Ford,vanilla
562,Vanille Fatale Tom Ford,warm spicy
563,Vanille Fatale Tom Ford,sweet
564,Vanille Insensee Atelier Cologne,citrus
565,Vanille Insensee Atelier Cologne,vanilla
566,Vanille Insensee Atelier Cologne,woody
567,Velvet Rose & Oud Jo Malone London,oud
568,Velvet Rose & Oud Jo Malone London,rose
569,Velvet Rose & Oud Jo Malone London,sweet
570,Velvet Vanilla Mancera,white floral
571,Velvet Vanilla Mancera,vanilla
572,Velvet Vanilla Mancera,tuberose
573,Virgin Island Water Creed,coconut
574,Virgin Island Water Creed,sweet
575,Virgin Island Water Creed,citrus
576,Whispers in the Library Maison Martin Margiela,fresh spicy
577,Whispers in the Library Maison Martin Margiela,woody
578,Whispers in the Library Maison Martin Margiela,vanilla
579,Winter Palace Memo Paris,vanilla
580,Winter Palace Memo Paris,citrus
581,Winter Palace Memo Paris,amber
582,Wood Sage & Sea Salt Jo Malone London,aromatic
583,Wood Sage & Sea Salt Jo Malone London,marine
584,Wood Sage & Sea Salt Jo Malone London,salty
585,Wulong Cha Nishane,green
586,Wulong Cha Nishane,fresh spicy
587,Wulong Cha Nishane,citrus
588,XJ 1861 Naxos Xerjoff,vanilla
589,XJ 1861 Naxos Xerjoff,sweet
590,XJ 1861 Naxos Xerjoff,honey
591,XJ 1861 Renaissance Xerjoff,aromatic
592,XJ 1861 Renaissance Xerjoff,green
593,XJ 1861 Renaissance Xerjoff,citrus
594,You Glossier,powdery
595,You Glossier,iris
596,You Glossier,musky
597,You Or Someone Like You Etat Libre d'Orange,aromatic
598,You Or Someone Like You Etat Libre d'Orange,fresh spicy
599,You Or Someone Like You Etat Libre d'Orange,green
600,Ébène Fumé Tom Ford,woody
601,Ébène Fumé Tom Ford,amber
602,Ébène Fumé Tom Ford,smoky
